{"name":"owentemple_ted-talks-complete-list","title":"TED Talks- Complete List","description":"Complete listing of all official TED Talks posted (through June 13, 2017)\n\nA complete listing of all TED Talks from official events posted on TED.com\n\nColumns include unique ID, URL where video can be viewed, full English transcript URL, speaker name, headline, description, month and year filmed, event, duration, date published, and topic tags.\n\nAn expanded version of the dataset includes 111 additional columns with full English transcript, number of times the video has been viewed as of 2017-06-16, and variables created by [Linguistic Inquiry and Word Count](www.liwc.net) (LIWC) software. The LIWC software analyzed the English transcript and produced variables that express word use in the talk as the ratio of a certain category of word divided by the total number of words in the talk. (Explanation of each variable in the data dictionary is in progress...)\n  \nIncludes info for all talks from official TED events posted from website launch through June 13, 2017.\n\nA visualization of the data created by Sean Miller (@kcmillersean) is [here](https://public.tableau.com/views/TEDTalks-IdeasWorthSharing/TED-IdeasWorthSpreading?:embed=y&:display_count=yes&:showVizHome=no).\n\nIn addition to analyses, use it to track the TED talks you've seen or build a learning program for yourself around specific topics.\n\n\nMore info on variables in the expanded dataset is below:\n\nAn introduction to interpreting LIWC variables in the expanded dataset are [here](http://liwc.wpengine.com/interpreting-liwc-output/) and [here](http://liwc.wpengine.com/compare-dictionaries/)\n\nThe transcripts were also analyzed with LIWC using a dictionary developed to examine use of words that map to concepts in Moral Foundations Theory (MFT).  [The Moral Foundations Dictionary](http://www.moralfoundations.org/sites/default/files/files/downloads/moral%20foundations%20dictionary.dic) (created by Jesse Graham and Jonathan Haidt) provides information on the proportions of virtue and vice words for each foundation on whatever corpus of text you are interested in. \n\n\nSources:  \n[TED.com](http://www.ted.com/talks/quick-list)  \n[Google Docs](https://docs.google.com/spreadsheets/d/1Yv_9nDl4ocIZR0GXU3OZuBaXxER1blfwR_XHvklPpEM/edit?hl=en&hl=en#gid=0)","homepage":"https://data.world/owentemple/ted-talks-complete-list","resources":[{"name":"ted_talks_by_id","schema":{"fields":[{"name":"id","title":"id","type":"integer","rdfType":"http://www.w3.org/2001/XMLSchema#integer"},{"name":"speaker","title":"speaker","type":"string","rdfType":"http://www.w3.org/2001/XMLSchema#string"},{"name":"headline","title":"headline","type":"string","rdfType":"http://www.w3.org/2001/XMLSchema#string"},{"name":"url","title":"URL","type":"string","rdfType":"http://www.w3.org/2001/XMLSchema#anyURI"},{"name":"description","title":"description","type":"string","rdfType":"http://www.w3.org/2001/XMLSchema#string"},{"name":"transcript_url","title":"transcript_URL","type":"string","rdfType":"http://www.w3.org/2001/XMLSchema#anyURI"},{"name":"month_filmed","title":"month_filmed","type":"integer","rdfType":"http://www.w3.org/2001/XMLSchema#integer"},{"name":"year_filmed","title":"year_filmed","type":"integer","rdfType":"http://www.w3.org/2001/XMLSchema#integer"},{"name":"event","title":"event","type":"string","rdfType":"http://www.w3.org/2001/XMLSchema#string"},{"name":"duration","title":"duration","type":"time","rdfType":"http://www.w3.org/2001/XMLSchema#time"},{"name":"date_published","title":"date_published","type":"date","rdfType":"http://www.w3.org/2001/XMLSchema#date"},{"name":"tags","title":"tags","type":"string","rdfType":"http://www.w3.org/2001/XMLSchema#string"}]},"path":"data/ted_talks_by_id.csv","format":"csv"},{"name":"ted_talks_by_id_plus_transcripts_and_liwc_and_mft_plus_views","schema":{"fields":[{"name":"id","title":"id","description":"Unique identifier assigned by TED.com to the talk. This ID number is not published by TED, but was found by polling URLs created by concatenating 'https://www.ted.com/talks/view/id/'  to integers. When  a talk appeared, the id was noted","type":"integer","rdfType":"http://www.w3.org/2001/XMLSchema#integer"},{"name":"speaker","title":"speaker","description":"Full name of the TED speaker","type":"string","rdfType":"http://www.w3.org/2001/XMLSchema#string"},{"name":"headline","title":"headline","description":"Title of the talk","type":"string","rdfType":"http://www.w3.org/2001/XMLSchema#string"},{"name":"url","title":"URL","description":"URL where the talk can be viewed. (Made from concatenating 'https://www.ted.com/talks/view/id/' to the 'id' variable).","type":"string","rdfType":"http://www.w3.org/2001/XMLSchema#anyURI"},{"name":"description","title":"description","description":"String that describes the content of the talk as posted at TED.com","type":"string","rdfType":"http://www.w3.org/2001/XMLSchema#string"},{"name":"transcript_url","title":"transcript_URL","description":"URL where the talk's English transcript can be viewed, if available. If not available, the string \"N/A\" is noted here","type":"string","rdfType":"http://www.w3.org/2001/XMLSchema#anyURI"},{"name":"month_filmed","title":"month_filmed","type":"integer","rdfType":"http://www.w3.org/2001/XMLSchema#integer"},{"name":"year_filmed","title":"year_filmed","type":"integer","rdfType":"http://www.w3.org/2001/XMLSchema#integer"},{"name":"event","title":"event","type":"string","rdfType":"http://www.w3.org/2001/XMLSchema#string"},{"name":"duration","title":"duration","type":"time","rdfType":"http://www.w3.org/2001/XMLSchema#time"},{"name":"date_published","title":"date_published","type":"date","rdfType":"http://www.w3.org/2001/XMLSchema#date"},{"name":"views_as_of_06162017","title":"views_as_of_06162017","description":"Number of times the video has been viewed as displayed on the talk's page at TED.com as of 2017-06-16.","type":"integer","rdfType":"http://www.w3.org/2001/XMLSchema#integer"},{"name":"tags","title":"tags","description":"Comma separated string with all the tags for the talk displayed at TED.com","type":"string","rdfType":"http://www.w3.org/2001/XMLSchema#string"},{"name":"transcript","title":"transcript","description":"An English transcript of the talk, if available. \"N/A\" if not available on TED.com. The transcript includes occasional MM:SS time notation of the duration of the talk in parentheses.","type":"string","rdfType":"http://www.w3.org/2001/XMLSchema#string"},{"name":"notes","title":"notes","type":"string","rdfType":"http://www.w3.org/2001/XMLSchema#string"},{"name":"wc","title":"WC","type":"integer","rdfType":"http://www.w3.org/2001/XMLSchema#integer"},{"name":"analytic","title":"Analytic","type":"number","rdfType":"http://www.w3.org/2001/XMLSchema#decimal"},{"name":"clout","title":"Clout","type":"number","rdfType":"http://www.w3.org/2001/XMLSchema#decimal"},{"name":"authentic","title":"Authentic","type":"number","rdfType":"http://www.w3.org/2001/XMLSchema#decimal"},{"name":"tone","title":"Tone","type":"number","rdfType":"http://www.w3.org/2001/XMLSchema#decimal"},{"name":"wps","title":"WPS","type":"number","rdfType":"http://www.w3.org/2001/XMLSchema#decimal"},{"name":"sixltr","title":"Sixltr","type":"number","rdfType":"http://www.w3.org/2001/XMLSchema#decimal"},{"name":"dic","title":"Dic","type":"number","rdfType":"http://www.w3.org/2001/XMLSchema#decimal"},{"name":"function","title":"function","type":"number","rdfType":"http://www.w3.org/2001/XMLSchema#decimal"},{"name":"pronoun","title":"pronoun","type":"number","rdfType":"http://www.w3.org/2001/XMLSchema#decimal"},{"name":"ppron","title":"ppron","type":"number","rdfType":"http://www.w3.org/2001/XMLSchema#decimal"},{"name":"i","title":"i","type":"number","rdfType":"http://www.w3.org/2001/XMLSchema#decimal"},{"name":"we","title":"we","type":"number","rdfType":"http://www.w3.org/2001/XMLSchema#decimal"},{"name":"you","title":"you","type":"number","rdfType":"http://www.w3.org/2001/XMLSchema#decimal"},{"name":"shehe","title":"shehe","type":"number","rdfType":"http://www.w3.org/2001/XMLSchema#decimal"},{"name":"they","title":"they","type":"number","rdfType":"http://www.w3.org/2001/XMLSchema#decimal"},{"name":"ipron","title":"ipron","type":"number","rdfType":"http://www.w3.org/2001/XMLSchema#decimal"},{"name":"article","title":"article","type":"number","rdfType":"http://www.w3.org/2001/XMLSchema#decimal"},{"name":"prep","title":"prep","type":"number","rdfType":"http://www.w3.org/2001/XMLSchema#decimal"},{"name":"auxverb","title":"auxverb","type":"number","rdfType":"http://www.w3.org/2001/XMLSchema#decimal"},{"name":"adverb","title":"adverb","type":"number","rdfType":"http://www.w3.org/2001/XMLSchema#decimal"},{"name":"conj","title":"conj","type":"number","rdfType":"http://www.w3.org/2001/XMLSchema#decimal"},{"name":"negate","title":"negate","type":"number","rdfType":"http://www.w3.org/2001/XMLSchema#decimal"},{"name":"verb","title":"verb","type":"number","rdfType":"http://www.w3.org/2001/XMLSchema#decimal"},{"name":"adj","title":"adj","type":"number","rdfType":"http://www.w3.org/2001/XMLSchema#decimal"},{"name":"compare","title":"compare","type":"number","rdfType":"http://www.w3.org/2001/XMLSchema#decimal"},{"name":"interrog","title":"interrog","type":"number","rdfType":"http://www.w3.org/2001/XMLSchema#decimal"},{"name":"number","title":"number","type":"number","rdfType":"http://www.w3.org/2001/XMLSchema#decimal"},{"name":"quant","title":"quant","type":"number","rdfType":"http://www.w3.org/2001/XMLSchema#decimal"},{"name":"affect","title":"affect","type":"number","rdfType":"http://www.w3.org/2001/XMLSchema#decimal"},{"name":"posemo","title":"posemo","type":"number","rdfType":"http://www.w3.org/2001/XMLSchema#decimal"},{"name":"negemo","title":"negemo","type":"number","rdfType":"http://www.w3.org/2001/XMLSchema#decimal"},{"name":"anx","title":"anx","type":"number","rdfType":"http://www.w3.org/2001/XMLSchema#decimal"},{"name":"anger","title":"anger","type":"number","rdfType":"http://www.w3.org/2001/XMLSchema#decimal"},{"name":"sad","title":"sad","type":"number","rdfType":"http://www.w3.org/2001/XMLSchema#decimal"},{"name":"social","title":"social","type":"number","rdfType":"http://www.w3.org/2001/XMLSchema#decimal"},{"name":"family","title":"family","type":"number","rdfType":"http://www.w3.org/2001/XMLSchema#decimal"},{"name":"friend","title":"friend","type":"number","rdfType":"http://www.w3.org/2001/XMLSchema#decimal"},{"name":"female","title":"female","type":"number","rdfType":"http://www.w3.org/2001/XMLSchema#decimal"},{"name":"male","title":"male","type":"number","rdfType":"http://www.w3.org/2001/XMLSchema#decimal"},{"name":"cogproc","title":"cogproc","type":"number","rdfType":"http://www.w3.org/2001/XMLSchema#decimal"},{"name":"insight","title":"insight","type":"number","rdfType":"http://www.w3.org/2001/XMLSchema#decimal"},{"name":"cause","title":"cause","type":"number","rdfType":"http://www.w3.org/2001/XMLSchema#decimal"},{"name":"discrep","title":"discrep","type":"number","rdfType":"http://www.w3.org/2001/XMLSchema#decimal"},{"name":"tentat","title":"tentat","type":"number","rdfType":"http://www.w3.org/2001/XMLSchema#decimal"},{"name":"certain","title":"certain","type":"number","rdfType":"http://www.w3.org/2001/XMLSchema#decimal"},{"name":"differ","title":"differ","type":"number","rdfType":"http://www.w3.org/2001/XMLSchema#decimal"},{"name":"percept","title":"percept","type":"number","rdfType":"http://www.w3.org/2001/XMLSchema#decimal"},{"name":"see","title":"see","type":"number","rdfType":"http://www.w3.org/2001/XMLSchema#decimal"},{"name":"hear","title":"hear","type":"number","rdfType":"http://www.w3.org/2001/XMLSchema#decimal"},{"name":"feel","title":"feel","type":"number","rdfType":"http://www.w3.org/2001/XMLSchema#decimal"},{"name":"bio","title":"bio","type":"number","rdfType":"http://www.w3.org/2001/XMLSchema#decimal"},{"name":"body","title":"body","type":"number","rdfType":"http://www.w3.org/2001/XMLSchema#decimal"},{"name":"health","title":"health","type":"number","rdfType":"http://www.w3.org/2001/XMLSchema#decimal"},{"name":"sexual","title":"sexual","type":"number","rdfType":"http://www.w3.org/2001/XMLSchema#decimal"},{"name":"ingest","title":"ingest","type":"number","rdfType":"http://www.w3.org/2001/XMLSchema#decimal"},{"name":"drives","title":"drives","type":"number","rdfType":"http://www.w3.org/2001/XMLSchema#decimal"},{"name":"affiliation","title":"affiliation","type":"number","rdfType":"http://www.w3.org/2001/XMLSchema#decimal"},{"name":"achieve","title":"achieve","type":"number","rdfType":"http://www.w3.org/2001/XMLSchema#decimal"},{"name":"power","title":"power","type":"number","rdfType":"http://www.w3.org/2001/XMLSchema#decimal"},{"name":"reward","title":"reward","type":"number","rdfType":"http://www.w3.org/2001/XMLSchema#decimal"},{"name":"risk","title":"risk","type":"number","rdfType":"http://www.w3.org/2001/XMLSchema#decimal"},{"name":"focuspast","title":"focuspast","type":"number","rdfType":"http://www.w3.org/2001/XMLSchema#decimal"},{"name":"focuspresent","title":"focuspresent","type":"number","rdfType":"http://www.w3.org/2001/XMLSchema#decimal"},{"name":"focusfuture","title":"focusfuture","type":"number","rdfType":"http://www.w3.org/2001/XMLSchema#decimal"},{"name":"relativ","title":"relativ","type":"number","rdfType":"http://www.w3.org/2001/XMLSchema#decimal"},{"name":"motion","title":"motion","type":"number","rdfType":"http://www.w3.org/2001/XMLSchema#decimal"},{"name":"space","title":"space","type":"number","rdfType":"http://www.w3.org/2001/XMLSchema#decimal"},{"name":"time","title":"time","type":"number","rdfType":"http://www.w3.org/2001/XMLSchema#decimal"},{"name":"work","title":"work","type":"number","rdfType":"http://www.w3.org/2001/XMLSchema#decimal"},{"name":"leisure","title":"leisure","type":"number","rdfType":"http://www.w3.org/2001/XMLSchema#decimal"},{"name":"home","title":"home","type":"number","rdfType":"http://www.w3.org/2001/XMLSchema#decimal"},{"name":"money","title":"money","type":"number","rdfType":"http://www.w3.org/2001/XMLSchema#decimal"},{"name":"relig","title":"relig","type":"number","rdfType":"http://www.w3.org/2001/XMLSchema#decimal"},{"name":"death","title":"death","type":"number","rdfType":"http://www.w3.org/2001/XMLSchema#decimal"},{"name":"informal","title":"informal","type":"number","rdfType":"http://www.w3.org/2001/XMLSchema#decimal"},{"name":"swear","title":"swear","type":"number","rdfType":"http://www.w3.org/2001/XMLSchema#decimal"},{"name":"netspeak","title":"netspeak","type":"number","rdfType":"http://www.w3.org/2001/XMLSchema#decimal"},{"name":"assent","title":"assent","type":"number","rdfType":"http://www.w3.org/2001/XMLSchema#decimal"},{"name":"nonflu","title":"nonflu","type":"number","rdfType":"http://www.w3.org/2001/XMLSchema#decimal"},{"name":"filler","title":"filler","type":"number","rdfType":"http://www.w3.org/2001/XMLSchema#decimal"},{"name":"allpunc","title":"AllPunc","type":"number","rdfType":"http://www.w3.org/2001/XMLSchema#decimal"},{"name":"period","title":"Period","type":"number","rdfType":"http://www.w3.org/2001/XMLSchema#decimal"},{"name":"comma","title":"Comma","type":"number","rdfType":"http://www.w3.org/2001/XMLSchema#decimal"},{"name":"colon","title":"Colon","type":"number","rdfType":"http://www.w3.org/2001/XMLSchema#decimal"},{"name":"semic","title":"SemiC","type":"number","rdfType":"http://www.w3.org/2001/XMLSchema#decimal"},{"name":"qmark","title":"QMark","type":"number","rdfType":"http://www.w3.org/2001/XMLSchema#decimal"},{"name":"exclam","title":"Exclam","type":"number","rdfType":"http://www.w3.org/2001/XMLSchema#decimal"},{"name":"dash","title":"Dash","type":"number","rdfType":"http://www.w3.org/2001/XMLSchema#decimal"},{"name":"quote","title":"Quote","type":"number","rdfType":"http://www.w3.org/2001/XMLSchema#decimal"},{"name":"apostro","title":"Apostro","type":"number","rdfType":"http://www.w3.org/2001/XMLSchema#decimal"},{"name":"parenth","title":"Parenth","type":"number","rdfType":"http://www.w3.org/2001/XMLSchema#decimal"},{"name":"otherp","title":"OtherP","type":"number","rdfType":"http://www.w3.org/2001/XMLSchema#decimal"},{"name":"wc2","title":"WC2","type":"integer","rdfType":"http://www.w3.org/2001/XMLSchema#integer"},{"name":"wps_2","title":"WPS","type":"number","rdfType":"http://www.w3.org/2001/XMLSchema#decimal"},{"name":"sixltr_2","title":"Sixltr","type":"number","rdfType":"http://www.w3.org/2001/XMLSchema#decimal"},{"name":"dic_2","title":"Dic","type":"number","rdfType":"http://www.w3.org/2001/XMLSchema#decimal"},{"name":"harm_virtue","title":"harm_virtue","type":"number","rdfType":"http://www.w3.org/2001/XMLSchema#decimal"},{"name":"harm_vice","title":"harm_vice","type":"number","rdfType":"http://www.w3.org/2001/XMLSchema#decimal"},{"name":"fairness_virtue","title":"fairness_virtue","type":"number","rdfType":"http://www.w3.org/2001/XMLSchema#decimal"},{"name":"fairness_vice","title":"fairness_vice","type":"number","rdfType":"http://www.w3.org/2001/XMLSchema#decimal"},{"name":"ingroup_virtue","title":"ingroup_virtue","type":"number","rdfType":"http://www.w3.org/2001/XMLSchema#decimal"},{"name":"ingroup_vice","title":"ingroup_vice","type":"number","rdfType":"http://www.w3.org/2001/XMLSchema#decimal"},{"name":"authority_virtue","title":"authority_virtue","type":"number","rdfType":"http://www.w3.org/2001/XMLSchema#decimal"},{"name":"authority_vice","title":"authority_vice","type":"number","rdfType":"http://www.w3.org/2001/XMLSchema#decimal"},{"name":"purity_virtue","title":"purity_virtue","type":"number","rdfType":"http://www.w3.org/2001/XMLSchema#decimal"},{"name":"purity_vice","title":"purity_vice","type":"number","rdfType":"http://www.w3.org/2001/XMLSchema#decimal"},{"name":"morality_general","title":"morality_general","type":"number","rdfType":"http://www.w3.org/2001/XMLSchema#decimal"}]},"path":"data/ted_talks_by_id_plus_transcripts_and_liwc_and_mft_plus_views.csv","format":"csv"},{"name":"original/TED_Talks_by_ID.csv","description":"Basic version of the dataset. See the expanded version of the dataset for English transcript and linguistic analysis of transcript.","path":"original/TED_Talks_by_ID.csv","format":"csv","mediatype":"text/csv","bytes":1429353,"keywords":["clean data"]},{"name":"original/TED_Talks_by_ID_plus-transcripts-and-LIWC-and-MFT-plus-views.csv","description":"Expanded version of the original 12 column dataset. This version has 111 additional columns including an English transcript of the talk, number of views as of 2017-06-16, and variables produced by Linguistic Inquiry and Word Count software","path":"original/TED_Talks_by_ID_plus-transcripts-and-LIWC-and-MFT-plus-views.csv","format":"csv","mediatype":"text/csv","bytes":31007743,"keywords":["clean data"]}],"keywords":["education","technology","entertainment","design","wip","lifelong learning"]}